label_3,active,nonconvex,l_factor,l_factor_fix,cap_max,cap_min,capex_pipes,fix_costs
DN-25,1,1,0,0.007656,28,27,0,466
DN-32,1,1,0,0.0086405,54,53,0,491
DN-40,1,1,0,0.0095755,98,97,0,522
DN-50,1,1,0,0.009141,179,178,0,563
DN-63,1,1,0,0.0114125,335,334,0,620
