snapshots,0,1,2
0,0.6799999999999999,0.3400000000000004,0.3400000000000001
1,0.7999999999999999,0.40000000000000036,0.4000000000000001
2,0.6,0.3000000000000003,0.30000000000000016
