snapshot,1,2
0,392.3126738527218,392.3126738527218
1,392.43786525623625,392.43786525623625
2,392.2015130031883,392.2015130031883
