snapshot,1,2
0,402.3126738527218,402.3126738527218
1,402.43786525623625,402.43786525623625
2,402.2015130031883,402.2015130031883
