snapshot,0,1,2
0,68.5800087744585,2858.9581987276897,2858.958198727622
1,93.02746006061713,3893.629385040356,3893.629385040288
2,54.22825852737172,2251.8386353153505,2251.8386353152828
