snapshot,0,1,2
0,1809.0286809338613,288.34048894557975,288.34048894557975
1,1809.8135539513746,288.63105357231893,288.63105357231893
2,1808.3313971697855,288.0824564073547,288.0824564073547
