snapshot,0,1,2
0,68.5800087744585,2897.0908459276684,2897.0908459276684
1,93.02746006061713,3931.7620322403345,3931.7620322403345
2,54.22825852737172,2289.971282515329,2289.971282515329
