snapshot,0
0,392.0346677343087
1,392.20128430246865
2,391.8867658419801
