snapshot,0
0,392.12915433271974
1,392.28165503251125
2,391.99378301470944
