snapshot,0
0,402.4573544034304
1,402.56099580583054
2,402.3653042320808
