snapshot,0
0,402.5150748698112
1,402.61007948867797
2,402.43069554607405
