snapshot,losses
0,5862.761700629795
1,7956.551524541286
2,4634.17082355803
