snapshot,losses
0,5786.4964062297695
1,7880.286230141261
2,4557.905529158004
