snapshot,losses
0,4771.419317650041
1,4774.151322192025
2,4768.99261996899
