snapshot,0
0,2.926479510502727
1,4.688488394023267
2,2.0340290664048197
