snapshot,0
0,391.55784203771356
1,391.79508036093534
2,391.3474305295697
