snapshot,0
0,2.964598367645597
1,4.733334108308997
2,2.0676633521191166
