snapshot,0
0,391.40618035397443
1,391.6660204371876
2,391.1757218422016
